1,67,"ant-1.4.csv","rotationForest"
1,33,"ar4.csv","rotationForest"
1,67,"ar6.csv","rotationForest"
1,33,"ar5.csv","rotationForest"
1,67,"ant-1.5.csv","rotationForest"
4,50,"ant-1.6.csv","rotationForest"
10,53,"ivy-1.4.csv","rotationForest"
10,53,"ant-1.7.csv","rotationForest"
10,53,"jedit-4.0.csv","rotationForest"
1,67,"jedit-4.1.csv","rotationForest"
1,47,"log4j-1.2.csv","rotationForest"
10,53,"log4j-1.1.csv","rotationForest"
10,53,"lucene-2.2.csv","rotationForest"
10,53,"poi-2.0.csv","rotationForest"
1,47,"lucene-2.4.csv","rotationForest"
1,67,"jedit-4.2.csv","rotationForest"
1,47,"jedit-4.3.csv","rotationForest"
2,45,"camel-1.4.csv","rotationForest"
1,67,"velocity-1.6.csv","rotationForest"
4,50,"poi-2.5.csv","rotationForest"
1,67,"synapse-1.2.csv","rotationForest"
1,67,"velocity-1.5.csv","rotationForest"
4,50,"poi-3.0.csv","rotationForest"
1,67,"camel-1.6.csv","rotationForest"
2,45,"xalan-2.5.csv","rotationForest"
1,67,"xerces-1.3.csv","rotationForest"
2,45,"xerces-1.4.csv","rotationForest"
10,53,"xalan-2.6.csv","rotationForest"
1,67,"xalan-2.7.csv","rotationForest"
3,50,"PC4.csv","rotationForest"
1,47,"prop-2.csv","rotationForest"
2,45,"eclipse-2.1.csv","rotationForest"
