45,3,"xerces-1.3.csv","AdaBag"
26,24,"lucene-2.4.csv","AdaBag"
45,3,"synapse-1.2.csv","AdaBag"
45,3,"lucene-2.2.csv","AdaBag"
45,3,"xalan-2.5.csv","AdaBag"
45,3,"poi-2.5.csv","AdaBag"
45,3,"prop-6.csv","AdaBag"
45,3,"forrest-0.8.csv","AdaBag"
40,18,"camel-1.4.csv","AdaBag"
41,13,"pbeans2.csv","AdaBag"
45,3,"jedit-4.2.csv","AdaBag"
45,3,"ant-1.6.csv","AdaBag"
41,13,"velocity-1.6.csv","AdaBag"
45,3,"camel-1.6.csv","AdaBag"
41,13,"ar6.csv","AdaBag"
45,3,"ant-1.7.csv","AdaBag"
45,3,"log4j-1.2.csv","AdaBag"
45,3,"eclipse-3.0.csv","AdaBag"
45,3,"ant-1.4.csv","AdaBag"
45,3,"camel-1.2.csv","AdaBag"
45,3,"ivy-1.4.csv","AdaBag"
45,3,"jedit-4.1.csv","AdaBag"
41,13,"xalan-2.7.csv","AdaBag"
45,3,"ivy-2.0.csv","AdaBag"
45,3,"jedit-4.0.csv","AdaBag"
45,3,"velocity-1.5.csv","AdaBag"
45,3,"ar4.csv","AdaBag"
45,3,"jedit-4.3.csv","AdaBag"
41,13,"MC2.csv","AdaBag"
45,3,"synapse-1.1.csv","AdaBag"
41,13,"eclipse-2.1.csv","AdaBag"
45,3,"xerces-1.4.csv","AdaBag"
45,3,"prop-4.csv","AdaBag"
45,3,"log4j-1.1.csv","AdaBag"
41,13,"xalan-2.6.csv","AdaBag"
45,3,"ar5.csv","AdaBag"
45,3,"prop-2.csv","AdaBag"
41,13,"prop-3.csv","AdaBag"
45,3,"poi-2.0.csv","AdaBag"
41,13,"poi-3.0.csv","AdaBag"
45,3,"PC3.csv","AdaBag"
45,3,"PC4.csv","AdaBag"
45,3,"ar3.csv","AdaBag"
45,3,"prop-5.csv","AdaBag"
45,3,"ant-1.5.csv","AdaBag"
45,3,"mng-2.csv","AdaBag"
45,3,"qpid-4.csv","AdaBag"
45,3,"mng-2.csv","AdaBag"
45,3,"qpid-5.csv","AdaBag"
45,3,"mng-4.csv","AdaBag"
45,3,"mng-3.csv","AdaBag"
41,13,"qpid-3.csv","AdaBag"
45,3,"openjpa-2.csv","AdaBag"
45,3,"openjpa-2.csv","AdaBag"
45,3,"openjpa-2.csv","AdaBag"
45,3,"artemis-2.csv","AdaBag"
45,3,"openjpa-2.csv","AdaBag"
