250,"no","ant-1.4.csv","glmboost"
250,"no","prop-2.csv","glmboost"
250,"no","ant-1.5.csv","glmboost"
100,"no","ar4.csv","glmboost"
200,"no","ar6.csv","glmboost"
50,"no","ar3.csv","glmboost"
200,"no","ar5.csv","glmboost"
150,"no","camel-1.2.csv","glmboost"
250,"no","camel-1.4.csv","glmboost"
150,"no","ant-1.7.csv","glmboost"
250,"no","camel-1.6.csv","glmboost"
200,"no","ant-1.6.csv","glmboost"
150,"no","artemis-2.csv","glmboost"
250,"no","jedit-4.3.csv","glmboost"
100,"no","jedit-4.1.csv","glmboost"
250,"no","jedit-4.0.csv","glmboost"
250,"no","log4j-1.1.csv","glmboost"
250,"no","jedit-4.2.csv","glmboost"
150,"no","forrest-0.8.csv","glmboost"
200,"no","ivy-1.4.csv","glmboost"
100,"no","ivy-2.0.csv","glmboost"
250,"no","eclipse-2.1.csv","glmboost"
250,"no","eclipse-3.0.csv","glmboost"
50,"no","pbeans2.csv","glmboost"
50,"no","log4j-1.2.csv","glmboost"
50,"no","lucene-2.2.csv","glmboost"
50,"no","lucene-2.4.csv","glmboost"
250,"no","mng-3.csv","glmboost"
150,"no","mng-2.csv","glmboost"
150,"no","MC2.csv","glmboost"
200,"no","mng-4.csv","glmboost"
100,"no","openjpa-2.csv","glmboost"
150,"no","poi-2.0.csv","glmboost"
250,"no","poi-2.5.csv","glmboost"
250,"no","poi-3.0.csv","glmboost"
250,"no","PC4.csv","glmboost"
100,"no","qpid-3.csv","glmboost"
250,"no","prop-6.csv","glmboost"
250,"no","prop-5.csv","glmboost"
250,"no","prop-4.csv","glmboost"
250,"no","prop-3.csv","glmboost"
50,"no","velocity-1.5.csv","glmboost"
250,"no","velocity-1.6.csv","glmboost"
250,"no","synapse-1.2.csv","glmboost"
250,"no","synapse-1.1.csv","glmboost"
250,"no","xalan-2.5.csv","glmboost"
250,"no","xalan-2.6.csv","glmboost"
200,"no","xerces-1.3.csv","glmboost"
100,"no","xalan-2.7.csv","glmboost"
150,"no","qpid-5.csv","glmboost"
250,"no","xerces-1.4.csv","glmboost"
250,"no","jedit-4.3.csv","glmboost"
200,"no","ar6.csv","glmboost"
200,"no","ar6.csv","glmboost"
250,"no","jedit-4.3.csv","glmboost"
100,"no","jedit-4.1.csv","glmboost"
100,"no","ar4.csv","glmboost"
100,"no","jedit-4.1.csv","glmboost"
250,"no","jedit-4.3.csv","glmboost"
250,"no","jedit-4.3.csv","glmboost"
250,"no","jedit-4.3.csv","glmboost"
