3,"gini",13,"ar5.csv","ranger"
5,"extratrees",1,"jedit-4.1.csv","ranger"
3,"gini",9,"log4j-1.2.csv","ranger"
3,"extratrees",13,"PC3.csv","ranger"
18,"extratrees",11,"camel-1.6.csv","ranger"
5,"extratrees",1,"jedit-4.3.csv","ranger"
3,"gini",9,"xalan-2.7.csv","ranger"
5,"extratrees",1,"velocity-1.6.csv","ranger"
3,"gini",9,"ant-1.7.csv","ranger"
5,"extratrees",1,"ant-1.4.csv","ranger"
18,"extratrees",11,"eclipse-2.1.csv","ranger"
15,"gini",13,"ant-1.6.csv","ranger"
3,"gini",9,"prop-4.csv","ranger"
3,"gini",9,"prop-6.csv","ranger"
3,"gini",9,"prop-5.csv","ranger"
18,"extratrees",11,"jedit-4.2.csv","ranger"
5,"extratrees",1,"forrest-0.8.csv","ranger"
18,"extratrees",11,"ar3.csv","ranger"
18,"extratrees",11,"ivy-1.4.csv","ranger"
3,"extratrees",11,"PC4.csv","ranger"
3,"gini",9,"prop-2.csv","ranger"
5,"extratrees",1,"lucene-2.4.csv","ranger"
3,"gini",13,"ar4.csv","ranger"
3,"gini",9,"xerces-1.4.csv","ranger"
5,"extratrees",1,"xalan-2.6.csv","ranger"
3,"gini",9,"xerces-1.3.csv","ranger"
3,"gini",9,"poi-2.5.csv","ranger"
5,"extratrees",1,"pbeans2.csv","ranger"
24,"gini",8,"ar6.csv","ranger"
5,"extratrees",1,"ivy-2.0.csv","ranger"
13,"gini",8,"poi-3.0.csv","ranger"
3,"gini",9,"prop-3.csv","ranger"
3,"gini",9,"poi-2.0.csv","ranger"
3,"gini",1,"MC2.csv","ranger"
5,"extratrees",1,"jedit-4.0.csv","ranger"
5,"extratrees",1,"ant-1.5.csv","ranger"
18,"extratrees",11,"camel-1.2.csv","ranger"
18,"extratrees",11,"eclipse-3.0.csv","ranger"
3,"gini",9,"log4j-1.1.csv","ranger"
18,"extratrees",11,"synapse-1.2.csv","ranger"
18,"extratrees",11,"synapse-1.1.csv","ranger"
3,"gini",9,"velocity-1.5.csv","ranger"
3,"gini",9,"xalan-2.5.csv","ranger"
18,"extratrees",11,"lucene-2.2.csv","ranger"
5,"extratrees",1,"camel-1.4.csv","ranger"
