2,"ant-1.5.csv","rpart2"
1,"ant-1.6.csv","rpart2"
3,"ant-1.7.csv","rpart2"
1,"ar6.csv","rpart2"
1,"ar4.csv","rpart2"
1,"ar5.csv","rpart2"
5,"camel-1.6.csv","rpart2"
2,"camel-1.4.csv","rpart2"
10,"eclipse-2.1.csv","rpart2"
2,"eclipse-3.0.csv","rpart2"
1,"ivy-1.4.csv","rpart2"
4,"jedit-4.2.csv","rpart2"
1,"log4j-1.2.csv","rpart2"
2,"log4j-1.1.csv","rpart2"
4,"jedit-4.3.csv","rpart2"
3,"jedit-4.0.csv","rpart2"
1,"jedit-4.1.csv","rpart2"
12,"lucene-2.4.csv","rpart2"
1,"lucene-2.2.csv","rpart2"
2,"poi-2.5.csv","rpart2"
4,"poi-2.0.csv","rpart2"
5,"PC4.csv","rpart2"
6,"poi-3.0.csv","rpart2"
2,"velocity-1.5.csv","rpart2"
3,"xerces-1.3.csv","rpart2"
3,"synapse-1.2.csv","rpart2"
3,"xerces-1.4.csv","rpart2"
3,"velocity-1.6.csv","rpart2"
11,"xalan-2.5.csv","rpart2"
28,"xalan-2.7.csv","rpart2"
17,"xalan-2.6.csv","rpart2"
11,"xalan-2.5.csv","rpart2"
11,"xalan-2.5.csv","rpart2"
11,"xalan-2.5.csv","rpart2"
3,"velocity-1.6.csv","rpart2"
11,"xalan-2.5.csv","rpart2"
3,"velocity-1.6.csv","rpart2"
3,"velocity-1.6.csv","rpart2"
