2,"ant-1.4.csv","rpart2"
3,"ivy-1.4.csv","rpart2"
2,"ant-1.6.csv","rpart2"
5,"ant-1.5.csv","rpart2"
1,"ant-1.7.csv","rpart2"
1,"ar5.csv","rpart2"
1,"ar4.csv","rpart2"
11,"camel-1.4.csv","rpart2"
12,"camel-1.6.csv","rpart2"
1,"ar6.csv","rpart2"
11,"eclipse-2.1.csv","rpart2"
9,"eclipse-3.0.csv","rpart2"
2,"ivy-2.0.csv","rpart2"
1,"log4j-1.1.csv","rpart2"
1,"log4j-1.2.csv","rpart2"
3,"lucene-2.4.csv","rpart2"
6,"jedit-4.3.csv","rpart2"
1,"jedit-4.0.csv","rpart2"
1,"jedit-4.1.csv","rpart2"
1,"jedit-4.2.csv","rpart2"
5,"lucene-2.2.csv","rpart2"
6,"poi-2.5.csv","rpart2"
2,"PC3.csv","rpart2"
4,"poi-2.0.csv","rpart2"
14,"PC4.csv","rpart2"
4,"synapse-1.1.csv","rpart2"
6,"poi-3.0.csv","rpart2"
13,"xerces-1.3.csv","rpart2"
3,"xerces-1.4.csv","rpart2"
2,"velocity-1.6.csv","rpart2"
1,"velocity-1.5.csv","rpart2"
3,"synapse-1.2.csv","rpart2"
15,"xalan-2.5.csv","rpart2"
7,"xalan-2.6.csv","rpart2"
15,"xalan-2.7.csv","rpart2"
1,"log4j-1.1.csv","rpart2"
1,"log4j-1.1.csv","rpart2"
1,"log4j-1.1.csv","rpart2"
1,"log4j-1.2.csv","rpart2"
