0.1,0.25,"xalan-2.5.csv","svmRadial"
0.9,0.25,"synapse-1.1.csv","svmRadial"
0.1,0.5,"ar4.csv","svmRadial"
0.1,0.5,"log4j-1.2.csv","svmRadial"
0.1,0.25,"ar5.csv","svmRadial"
0.9,4,"velocity-1.6.csv","svmRadial"
0.1,0.5,"PC4.csv","svmRadial"
0.3,4,"ant-1.5.csv","svmRadial"
0.1,0.25,"jedit-4.1.csv","svmRadial"
0.1,1,"poi-3.0.csv","svmRadial"
0.1,1,"jedit-4.3.csv","svmRadial"
0.1,1,"ivy-1.4.csv","svmRadial"
0.1,4,"forrest-0.8.csv","svmRadial"
0.1,1,"MC2.csv","svmRadial"
0.1,0.25,"log4j-1.1.csv","svmRadial"
0.1,0.25,"jedit-4.2.csv","svmRadial"
0.1,4,"ar3.csv","svmRadial"
0.1,2,"camel-1.4.csv","svmRadial"
0.1,0.25,"ant-1.7.csv","svmRadial"
0.3,4,"prop-5.csv","svmRadial"
0.1,2,"eclipse-2.1.csv","svmRadial"
0.1,1,"ant-1.6.csv","svmRadial"
0.1,0.25,"poi-2.5.csv","svmRadial"
0.3,4,"prop-6.csv","svmRadial"
0.1,0.25,"camel-1.6.csv","svmRadial"
0.9,2,"lucene-2.4.csv","svmRadial"
0.3,1,"velocity-1.5.csv","svmRadial"
0.1,4,"xerces-1.3.csv","svmRadial"
0.1,0.5,"poi-2.0.csv","svmRadial"
0.3,1,"pbeans2.csv","svmRadial"
0.1,0.5,"ar6.csv","svmRadial"
0.1,0.5,"ivy-2.0.csv","svmRadial"
0.1,0.25,"ant-1.4.csv","svmRadial"
0.5,0.25,"camel-1.2.csv","svmRadial"
0.9,4,"prop-4.csv","svmRadial"
0.1,2,"PC3.csv","svmRadial"
0.1,0.25,"jedit-4.0.csv","svmRadial"
0.1,0.25,"eclipse-3.0.csv","svmRadial"
0.1,0.25,"lucene-2.2.csv","svmRadial"
0.9,0.5,"xalan-2.6.csv","svmRadial"
0.3,4,"prop-2.csv","svmRadial"
0.7,0.5,"xalan-2.7.csv","svmRadial"
0.1,4,"synapse-1.2.csv","svmRadial"
0.3,2,"xerces-1.4.csv","svmRadial"
0.9,4,"prop-3.csv","svmRadial"
0.7,4,"mng-2.csv","svmRadial"
0.1,0.5,"mng-3.csv","svmRadial"
0.7,4,"mng-4.csv","svmRadial"
0.9,4,"qpid-4.csv","svmRadial"
0.9,4,"qpid-4.csv","svmRadial"
0.9,4,"qpid-4.csv","svmRadial"
0.9,4,"qpid-4.csv","svmRadial"
0.9,2,"artemis-2.csv","svmRadial"
0.9,2,"artemis-2.csv","svmRadial"
0.9,4,"openjpa-2.csv","svmRadial"
0.9,4,"qpid-3.csv","svmRadial"
0.9,4,"qpid-5.csv","svmRadial"
