5,"lucene-2.2.csv","pda"
5,"log4j-1.1.csv","pda"
5,"pbeans2.csv","pda"
5,"ant-1.5.csv","pda"
1,"poi-3.0.csv","pda"
5,"ant-1.4.csv","pda"
5,"camel-1.6.csv","pda"
5,"eclipse-3.0.csv","pda"
5,"MC2.csv","pda"
5,"lucene-2.4.csv","pda"
1,"prop-2.csv","pda"
5,"PC4.csv","pda"
5,"synapse-1.1.csv","pda"
5,"ar3.csv","pda"
1,"prop-6.csv","pda"
5,"log4j-1.2.csv","pda"
5,"xalan-2.7.csv","pda"
4,"velocity-1.5.csv","pda"
1,"jedit-4.2.csv","pda"
2,"camel-1.4.csv","pda"
5,"ant-1.6.csv","pda"
5,"synapse-1.2.csv","pda"
5,"jedit-4.3.csv","pda"
5,"poi-2.0.csv","pda"
2,"forrest-0.8.csv","pda"
5,"ivy-2.0.csv","pda"
2,"jedit-4.1.csv","pda"
1,"xalan-2.6.csv","pda"
1,"ar5.csv","pda"
5,"xerces-1.4.csv","pda"
5,"velocity-1.6.csv","pda"
5,"poi-2.5.csv","pda"
5,"ant-1.7.csv","pda"
4,"ar4.csv","pda"
5,"PC3.csv","pda"
5,"prop-4.csv","pda"
1,"prop-3.csv","pda"
5,"camel-1.2.csv","pda"
5,"eclipse-2.1.csv","pda"
5,"ivy-1.4.csv","pda"
2,"xerces-1.3.csv","pda"
1,"jedit-4.0.csv","pda"
2,"prop-5.csv","pda"
5,"xalan-2.5.csv","pda"
5,"ar6.csv","pda"
5,"mng-3.csv","pda"
1,"mng-4.csv","pda"
5,"qpid-5.csv","pda"
5,"artemis-2.csv","pda"
5,"mng-2.csv","pda"
5,"qpid-3.csv","pda"
5,"mng-3.csv","pda"
4,"qpid-4.csv","pda"
4,"qpid-4.csv","pda"
4,"qpid-4.csv","pda"
3,"openjpa-2.csv","pda"
3,"openjpa-2.csv","pda"
3,"openjpa-2.csv","pda"
