50,"ant-1.5.csv","svmLinear"
30,"ant-1.6.csv","svmLinear"
1,"jedit-4.1.csv","svmLinear"
1,"log4j-1.1.csv","svmLinear"
10,"poi-2.0.csv","svmLinear"
1,"PC4.csv","svmLinear"
40,"xalan-2.7.csv","svmLinear"
1,"log4j-1.2.csv","svmLinear"
10,"ivy-2.0.csv","svmLinear"
1,"velocity-1.6.csv","svmLinear"
20,"MC2.csv","svmLinear"
1,"forrest-0.8.csv","svmLinear"
1,"pbeans2.csv","svmLinear"
30,"poi-2.5.csv","svmLinear"
50,"xalan-2.5.csv","svmLinear"
1,"jedit-4.2.csv","svmLinear"
1,"jedit-4.0.csv","svmLinear"
30,"camel-1.4.csv","svmLinear"
1,"ant-1.7.csv","svmLinear"
1,"ar4.csv","svmLinear"
1,"xalan-2.6.csv","svmLinear"
1,"synapse-1.2.csv","svmLinear"
30,"xerces-1.3.csv","svmLinear"
1,"velocity-1.5.csv","svmLinear"
10,"xerces-1.4.csv","svmLinear"
1,"lucene-2.2.csv","svmLinear"
30,"synapse-1.1.csv","svmLinear"
1,"ar3.csv","svmLinear"
1,"PC3.csv","svmLinear"
50,"camel-1.6.csv","svmLinear"
1,"ar6.csv","svmLinear"
1,"ant-1.4.csv","svmLinear"
1,"ivy-1.4.csv","svmLinear"
1,"ar5.csv","svmLinear"
1,"lucene-2.4.csv","svmLinear"
1,"jedit-4.3.csv","svmLinear"
50,"camel-1.2.csv","svmLinear"
1,"poi-3.0.csv","svmLinear"
1,"prop-6.csv","svmLinear"
10,"eclipse-2.1.csv","svmLinear"
1,"mng-2.csv","svmLinear"
1,"mng-4.csv","svmLinear"
30,"qpid-4.csv","svmLinear"
30,"qpid-4.csv","svmLinear"
1,"qpid-3.csv","svmLinear"
40,"mng-3.csv","svmLinear"
40,"mng-3.csv","svmLinear"
1,"mng-2.csv","svmLinear"
1,"mng-2.csv","svmLinear"
30,"qpid-4.csv","svmLinear"
40,"eclipse-3.0.csv","svmLinear"
1,"prop-5.csv","svmLinear"
1,"qpid-5.csv","svmLinear"
1,"prop-4.csv","svmLinear"
1,"artemis-2.csv","svmLinear"
