9,0.1,FALSE,"velocity-1.6.csv","avNNet"
1,0.01,FALSE,"lucene-2.4.csv","avNNet"
3,1e-04,TRUE,"ivy-2.0.csv","avNNet"
7,0.1,FALSE,"poi-2.0.csv","avNNet"
1,0.1,FALSE,"lucene-2.2.csv","avNNet"
9,0.1,FALSE,"jedit-4.2.csv","avNNet"
9,0.1,TRUE,"xerces-1.4.csv","avNNet"
5,0.1,FALSE,"xalan-2.5.csv","avNNet"
1,0.01,FALSE,"ant-1.6.csv","avNNet"
9,0.01,TRUE,"poi-3.0.csv","avNNet"
3,0.1,FALSE,"jedit-4.3.csv","avNNet"
9,0.01,FALSE,"xerces-1.3.csv","avNNet"
5,0.1,FALSE,"log4j-1.2.csv","avNNet"
9,0.1,FALSE,"prop-6.csv","avNNet"
9,0.001,TRUE,"velocity-1.5.csv","avNNet"
1,0.01,FALSE,"ant-1.7.csv","avNNet"
5,0.1,FALSE,"ar4.csv","avNNet"
9,0.1,FALSE,"ant-1.4.csv","avNNet"
7,0.1,FALSE,"eclipse-2.1.csv","avNNet"
9,0.01,FALSE,"xalan-2.6.csv","avNNet"
7,0.1,FALSE,"camel-1.4.csv","avNNet"
9,0.1,FALSE,"synapse-1.1.csv","avNNet"
5,0.1,TRUE,"ar6.csv","avNNet"
9,0.1,FALSE,"camel-1.6.csv","avNNet"
5,0.1,TRUE,"poi-2.5.csv","avNNet"
3,0.1,FALSE,"ant-1.5.csv","avNNet"
1,0.1,FALSE,"ar5.csv","avNNet"
5,1e-04,TRUE,"ar3.csv","avNNet"
7,1e-04,TRUE,"camel-1.2.csv","avNNet"
9,0.1,FALSE,"jedit-4.1.csv","avNNet"
7,0.1,TRUE,"PC3.csv","avNNet"
5,0.1,FALSE,"PC4.csv","avNNet"
9,0.1,TRUE,"prop-3.csv","avNNet"
5,0.1,FALSE,"eclipse-3.0.csv","avNNet"
9,0.1,TRUE,"MC2.csv","avNNet"
9,0.1,FALSE,"prop-5.csv","avNNet"
7,0.01,FALSE,"pbeans2.csv","avNNet"
9,0.1,FALSE,"prop-2.csv","avNNet"
1,0.1,TRUE,"jedit-4.0.csv","avNNet"
9,0.1,FALSE,"forrest-0.8.csv","avNNet"
1,0.1,FALSE,"log4j-1.1.csv","avNNet"
1,0.1,FALSE,"synapse-1.2.csv","avNNet"
3,0.1,FALSE,"ivy-1.4.csv","avNNet"
3,0.1,FALSE,"xalan-2.7.csv","avNNet"
9,0.01,FALSE,"prop-4.csv","avNNet"
3,0.001,FALSE,"mng-2.csv","avNNet"
3,0.1,FALSE,"mng-3.csv","avNNet"
1,0.001,TRUE,"mng-4.csv","avNNet"
3,0.001,FALSE,"mng-2.csv","avNNet"
3,0.001,FALSE,"mng-2.csv","avNNet"
3,0.001,FALSE,"mng-2.csv","avNNet"
3,0.001,FALSE,"mng-2.csv","avNNet"
7,0.01,TRUE,"qpid-5.csv","avNNet"
9,0.01,TRUE,"artemis-2.csv","avNNet"
7,0.1,TRUE,"qpid-3.csv","avNNet"
7,0.1,TRUE,"qpid-3.csv","avNNet"
7,0.1,TRUE,"qpid-3.csv","avNNet"
5,0.01,FALSE,"qpid-4.csv","avNNet"
7,0.01,TRUE,"qpid-5.csv","avNNet"
9,0.01,FALSE,"openjpa-2.csv","avNNet"
