3,"gini",9,"ivy-1.4.csv","ranger"
15,"gini",13,"log4j-1.2.csv","ranger"
24,"gini",8,"ar5.csv","ranger"
13,"gini",8,"prop-5.csv","ranger"
15,"gini",13,"camel-1.6.csv","ranger"
13,"gini",8,"forrest-0.8.csv","ranger"
17,"gini",9,"PC4.csv","ranger"
3,"gini",9,"ant-1.7.csv","ranger"
18,"extratrees",11,"xalan-2.7.csv","ranger"
3,"gini",9,"poi-2.0.csv","ranger"
13,"gini",8,"prop-2.csv","ranger"
13,"gini",8,"prop-6.csv","ranger"
24,"gini",8,"ar6.csv","ranger"
13,"gini",8,"jedit-4.0.csv","ranger"
5,"extratrees",1,"poi-3.0.csv","ranger"
13,"gini",8,"jedit-4.3.csv","ranger"
5,"extratrees",1,"pbeans2.csv","ranger"
13,"gini",8,"prop-3.csv","ranger"
13,"gini",8,"ant-1.5.csv","ranger"
15,"gini",13,"jedit-4.1.csv","ranger"
13,"gini",8,"poi-2.5.csv","ranger"
18,"gini",8,"PC3.csv","ranger"
13,"gini",8,"prop-4.csv","ranger"
5,"extratrees",1,"jedit-4.2.csv","ranger"
15,"gini",13,"xalan-2.5.csv","ranger"
3,"gini",13,"ar4.csv","ranger"
5,"extratrees",1,"lucene-2.4.csv","ranger"
24,"gini",8,"ar3.csv","ranger"
13,"gini",8,"camel-1.4.csv","ranger"
5,"extratrees",1,"lucene-2.2.csv","ranger"
24,"gini",8,"eclipse-2.1.csv","ranger"
5,"extratrees",1,"velocity-1.5.csv","ranger"
13,"gini",8,"synapse-1.2.csv","ranger"
15,"gini",13,"xerces-1.3.csv","ranger"
15,"gini",13,"ant-1.4.csv","ranger"
15,"gini",13,"camel-1.2.csv","ranger"
15,"gini",13,"ant-1.6.csv","ranger"
15,"gini",13,"synapse-1.1.csv","ranger"
15,"gini",13,"ivy-2.0.csv","ranger"
5,"extratrees",1,"velocity-1.6.csv","ranger"
23,"extratrees",1,"eclipse-3.0.csv","ranger"
13,"gini",8,"xerces-1.4.csv","ranger"
3,"gini",9,"log4j-1.1.csv","ranger"
18,"gini",9,"MC2.csv","ranger"
5,"extratrees",1,"xalan-2.6.csv","ranger"
