0,FALSE,1,"poi-2.5.csv","naive_bayes"
0,FALSE,1,"camel-1.6.csv","naive_bayes"
0,TRUE,1,"ivy-1.4.csv","naive_bayes"
0,FALSE,1,"log4j-1.2.csv","naive_bayes"
0,FALSE,1,"ant-1.7.csv","naive_bayes"
0,FALSE,1,"poi-3.0.csv","naive_bayes"
0,FALSE,1,"MC2.csv","naive_bayes"
0,FALSE,1,"synapse-1.2.csv","naive_bayes"
0,FALSE,1,"xalan-2.6.csv","naive_bayes"
0,FALSE,1,"ant-1.6.csv","naive_bayes"
0,TRUE,1,"velocity-1.6.csv","naive_bayes"
0,TRUE,1,"pbeans2.csv","naive_bayes"
0,FALSE,1,"ar4.csv","naive_bayes"
0,FALSE,1,"log4j-1.1.csv","naive_bayes"
0,FALSE,1,"eclipse-2.1.csv","naive_bayes"
0,FALSE,1,"ar3.csv","naive_bayes"
0,FALSE,1,"jedit-4.1.csv","naive_bayes"
0,FALSE,1,"prop-2.csv","naive_bayes"
0,FALSE,1,"ant-1.4.csv","naive_bayes"
0,FALSE,1,"camel-1.4.csv","naive_bayes"
0,TRUE,1,"lucene-2.4.csv","naive_bayes"
0,FALSE,1,"ant-1.5.csv","naive_bayes"
0,FALSE,1,"xerces-1.3.csv","naive_bayes"
0,FALSE,1,"prop-5.csv","naive_bayes"
0,FALSE,1,"xerces-1.4.csv","naive_bayes"
0,FALSE,1,"prop-4.csv","naive_bayes"
0,FALSE,1,"xalan-2.5.csv","naive_bayes"
0,FALSE,1,"PC4.csv","naive_bayes"
0,FALSE,1,"jedit-4.0.csv","naive_bayes"
0,FALSE,1,"synapse-1.1.csv","naive_bayes"
0,FALSE,1,"ar5.csv","naive_bayes"
0,FALSE,1,"camel-1.2.csv","naive_bayes"
0,TRUE,1,"velocity-1.5.csv","naive_bayes"
0,FALSE,1,"jedit-4.2.csv","naive_bayes"
0,FALSE,1,"poi-2.0.csv","naive_bayes"
0,FALSE,1,"ivy-2.0.csv","naive_bayes"
0,FALSE,1,"prop-6.csv","naive_bayes"
0,TRUE,1,"ar6.csv","naive_bayes"
0,FALSE,1,"eclipse-3.0.csv","naive_bayes"
0,TRUE,1,"lucene-2.2.csv","naive_bayes"
0,FALSE,1,"jedit-4.3.csv","naive_bayes"
0,FALSE,1,"prop-3.csv","naive_bayes"
0,FALSE,1,"PC3.csv","naive_bayes"
0,FALSE,1,"forrest-0.8.csv","naive_bayes"
0,FALSE,1,"xalan-2.7.csv","naive_bayes"
0,FALSE,1,"artemis-2.csv","naive_bayes"
0,FALSE,1,"mng-2.csv","naive_bayes"
0,FALSE,1,"mng-3.csv","naive_bayes"
0,FALSE,1,"mng-4.csv","naive_bayes"
0,FALSE,1,"openjpa-2.csv","naive_bayes"
0,FALSE,1,"qpid-4.csv","naive_bayes"
0,FALSE,1,"qpid-3.csv","naive_bayes"
0,FALSE,1,"qpid-5.csv","naive_bayes"
