51,1.02258864138275,"triweight","velocity-1.5.csv","kknn"
89,1.11633559176698,"triweight","xalan-2.5.csv","kknn"
79,2.37969635613263,"epanechnikov","poi-2.0.csv","kknn"
79,1.11633559176698,"triweight","xalan-2.7.csv","kknn"
81,0.822352442191914,"inv","ant-1.7.csv","kknn"
51,2.53672477067448,"triweight","jedit-4.1.csv","kknn"
89,2.26383426622488,"epanechnikov","xalan-2.6.csv","kknn"
51,1.02258864138275,"triweight","velocity-1.6.csv","kknn"
85,1.08545393077657,"inv","poi-3.0.csv","kknn"
3,2.53672477067448,"triweight","ar6.csv","kknn"
1,0.822352442191914,"inv","forrest-0.8.csv","kknn"
1,0.28083362407051,"triangular","ar3.csv","kknn"
15,2.53672477067448,"triweight","ar5.csv","kknn"
79,1.77178050717339,"biweight","PC4.csv","kknn"
79,1.77178050717339,"biweight","poi-2.5.csv","kknn"
5,1.08545393077657,"inv","pbeans2.csv","kknn"
89,1.11633559176698,"triweight","ant-1.6.csv","kknn"
51,2.53672477067448,"triweight","PC3.csv","kknn"
65,0.28083362407051,"triangular","xerces-1.4.csv","kknn"
17,0.822352442191914,"inv","ivy-1.4.csv","kknn"
5,2.44017602875829,"rectangular","synapse-1.2.csv","kknn"
51,2.53672477067448,"triweight","xerces-1.3.csv","kknn"
65,1.02258864138275,"triweight","ivy-2.0.csv","kknn"
15,1.77178050717339,"biweight","ant-1.5.csv","kknn"
89,1.11633559176698,"triweight","camel-1.2.csv","kknn"
89,1.11633559176698,"triweight","jedit-4.2.csv","kknn"
51,1.02258864138275,"triweight","lucene-2.2.csv","kknn"
25,1.11633559176698,"triweight","synapse-1.1.csv","kknn"
65,2.26383426622488,"epanechnikov","lucene-2.4.csv","kknn"
25,1.11633559176698,"triweight","ant-1.4.csv","kknn"
321,0.28083362407051,"triangular","MC2.csv","kknn"
89,1.11633559176698,"triweight","camel-1.4.csv","kknn"
51,2.53672477067448,"triweight","jedit-4.0.csv","kknn"
1,0.28083362407051,"triangular","ar4.csv","kknn"
25,1.11633559176698,"triweight","log4j-1.1.csv","kknn"
51,0.28083362407051,"triangular","camel-1.6.csv","kknn"
25,1.11633559176698,"triweight","log4j-1.2.csv","kknn"
89,1.11633559176698,"triweight","jedit-4.3.csv","kknn"
2127,2.26383426622488,"epanechnikov","eclipse-2.1.csv","kknn"
321,0.28083362407051,"triangular","mng-2.csv","kknn"
563,2.53672477067448,"triweight","mng-4.csv","kknn"
469,2.53672477067448,"triweight","mng-3.csv","kknn"
563,2.53672477067448,"triweight","mng-4.csv","kknn"
