425,"yes","ant-1.4.csv","glmboost"
40,"no","ar6.csv","glmboost"
40,"no","ar4.csv","glmboost"
425,"yes","ar3.csv","glmboost"
40,"no","ar5.csv","glmboost"
425,"yes","ant-1.5.csv","glmboost"
235,"yes","ant-1.6.csv","glmboost"
40,"no","ant-1.7.csv","glmboost"
282,"no","forrest-0.8.csv","glmboost"
235,"yes","ivy-1.4.csv","glmboost"
40,"no","ivy-2.0.csv","glmboost"
429,"yes","jedit-4.0.csv","glmboost"
425,"yes","camel-1.2.csv","glmboost"
40,"no","log4j-1.2.csv","glmboost"
40,"no","lucene-2.2.csv","glmboost"
40,"no","log4j-1.1.csv","glmboost"
282,"no","lucene-2.4.csv","glmboost"
40,"no","jedit-4.1.csv","glmboost"
40,"no","jedit-4.2.csv","glmboost"
40,"no","jedit-4.3.csv","glmboost"
282,"no","pbeans2.csv","glmboost"
40,"no","camel-1.4.csv","glmboost"
425,"yes","poi-2.0.csv","glmboost"
40,"no","poi-2.5.csv","glmboost"
429,"yes","poi-3.0.csv","glmboost"
282,"no","synapse-1.1.csv","glmboost"
429,"yes","velocity-1.5.csv","glmboost"
282,"no","velocity-1.6.csv","glmboost"
40,"no","synapse-1.2.csv","glmboost"
425,"yes","xerces-1.3.csv","glmboost"
429,"yes","xerces-1.4.csv","glmboost"
40,"no","PC3.csv","glmboost"
235,"yes","camel-1.6.csv","glmboost"
40,"no","xalan-2.5.csv","glmboost"
425,"yes","xalan-2.6.csv","glmboost"
429,"yes","xalan-2.7.csv","glmboost"
429,"yes","PC4.csv","glmboost"
235,"yes","mng-2.csv","glmboost"
425,"yes","MC2.csv","glmboost"
40,"no","mng-3.csv","glmboost"
40,"no","mng-4.csv","glmboost"
40,"no","mng-4.csv","glmboost"
40,"no","mng-4.csv","glmboost"
40,"no","mng-4.csv","glmboost"
282,"no","artemis-2.csv","glmboost"
40,"no","prop-2.csv","glmboost"
