9,0,TRUE,"ar5.csv","avNNet"
3,0.1,FALSE,"ivy-2.0.csv","avNNet"
7,0.01,FALSE,"pbeans2.csv","avNNet"
1,1e-04,TRUE,"poi-2.5.csv","avNNet"
1,0.1,TRUE,"log4j-1.1.csv","avNNet"
1,0.1,FALSE,"lucene-2.2.csv","avNNet"
3,0,TRUE,"ant-1.4.csv","avNNet"
9,0.01,TRUE,"poi-3.0.csv","avNNet"
5,1e-04,FALSE,"lucene-2.4.csv","avNNet"
9,0,FALSE,"synapse-1.2.csv","avNNet"
5,0,TRUE,"jedit-4.2.csv","avNNet"
5,1e-04,FALSE,"xalan-2.5.csv","avNNet"
1,1e-04,FALSE,"xerces-1.3.csv","avNNet"
9,0,FALSE,"ant-1.7.csv","avNNet"
1,0.01,TRUE,"camel-1.2.csv","avNNet"
5,0.1,TRUE,"log4j-1.2.csv","avNNet"
3,1e-04,TRUE,"prop-6.csv","avNNet"
7,1e-04,FALSE,"PC4.csv","avNNet"
1,0.1,TRUE,"velocity-1.5.csv","avNNet"
9,0.1,FALSE,"xalan-2.6.csv","avNNet"
1,0.1,FALSE,"camel-1.4.csv","avNNet"
5,0.1,TRUE,"MC2.csv","avNNet"
7,0.01,TRUE,"poi-2.0.csv","avNNet"
3,0.1,FALSE,"xalan-2.7.csv","avNNet"
9,0,FALSE,"jedit-4.0.csv","avNNet"
9,0.1,FALSE,"velocity-1.6.csv","avNNet"
1,0.1,FALSE,"jedit-4.3.csv","avNNet"
5,0.01,FALSE,"ar3.csv","avNNet"
3,1e-04,TRUE,"prop-5.csv","avNNet"
1,1e-04,TRUE,"PC3.csv","avNNet"
3,1e-04,TRUE,"ant-1.6.csv","avNNet"
5,0,TRUE,"jedit-4.1.csv","avNNet"
3,1e-04,TRUE,"prop-4.csv","avNNet"
3,0.1,TRUE,"ar4.csv","avNNet"
1,1e-04,FALSE,"eclipse-3.0.csv","avNNet"
1,1e-04,FALSE,"eclipse-2.1.csv","avNNet"
1,0.1,TRUE,"ar6.csv","avNNet"
5,1e-04,TRUE,"prop-3.csv","avNNet"
9,0.001,FALSE,"prop-2.csv","avNNet"
5,0.01,TRUE,"forrest-0.8.csv","avNNet"
5,0.1,FALSE,"ivy-1.4.csv","avNNet"
9,0.001,TRUE,"ant-1.5.csv","avNNet"
1,1e-04,TRUE,"synapse-1.1.csv","avNNet"
9,0,FALSE,"camel-1.6.csv","avNNet"
1,1e-04,FALSE,"xerces-1.4.csv","avNNet"
1,0.1,FALSE,"mng-4.csv","avNNet"
7,0.1,TRUE,"mng-2.csv","avNNet"
7,1e-04,TRUE,"qpid-4.csv","avNNet"
1,0.1,FALSE,"mng-3.csv","avNNet"
1,0.001,TRUE,"qpid-5.csv","avNNet"
5,1e-04,TRUE,"openjpa-2.csv","avNNet"
5,1e-04,FALSE,"qpid-3.csv","avNNet"
5,1e-04,FALSE,"qpid-3.csv","avNNet"
7,0.1,TRUE,"mng-2.csv","avNNet"
7,1e-04,TRUE,"qpid-4.csv","avNNet"
3,0.001,TRUE,"openjpa-2.csv","avNNet"
7,1e-04,FALSE,"artemis-2.csv","avNNet"
