1,"ant-1.6.csv","mlp"
3,"pbeans2.csv","mlp"
9,"camel-1.4.csv","mlp"
7,"jedit-4.2.csv","mlp"
1,"ivy-2.0.csv","mlp"
3,"prop-4.csv","mlp"
3,"prop-6.csv","mlp"
7,"poi-2.0.csv","mlp"
1,"prop-5.csv","mlp"
9,"xalan-2.6.csv","mlp"
1,"ar4.csv","mlp"
9,"prop-2.csv","mlp"
9,"synapse-1.2.csv","mlp"
1,"PC4.csv","mlp"
1,"poi-2.5.csv","mlp"
7,"eclipse-3.0.csv","mlp"
5,"xerces-1.4.csv","mlp"
1,"xerces-1.3.csv","mlp"
3,"jedit-4.0.csv","mlp"
3,"log4j-1.1.csv","mlp"
9,"poi-3.0.csv","mlp"
5,"eclipse-2.1.csv","mlp"
7,"xalan-2.7.csv","mlp"
7,"jedit-4.3.csv","mlp"
1,"camel-1.6.csv","mlp"
1,"forrest-0.8.csv","mlp"
3,"prop-3.csv","mlp"
3,"jedit-4.1.csv","mlp"
1,"ant-1.5.csv","mlp"
7,"ant-1.7.csv","mlp"
1,"lucene-2.2.csv","mlp"
1,"camel-1.2.csv","mlp"
1,"ant-1.4.csv","mlp"
3,"log4j-1.2.csv","mlp"
1,"PC3.csv","mlp"
1,"ar3.csv","mlp"
1,"velocity-1.5.csv","mlp"
9,"ar6.csv","mlp"
1,"synapse-1.1.csv","mlp"
1,"xalan-2.5.csv","mlp"
7,"velocity-1.6.csv","mlp"
1,"ar5.csv","mlp"
1,"lucene-2.4.csv","mlp"
1,"MC2.csv","mlp"
1,"mng-3.csv","mlp"
9,"ivy-1.4.csv","mlp"
1,"mng-2.csv","mlp"
1,"mng-4.csv","mlp"
9,"qpid-3.csv","mlp"
1,"qpid-4.csv","mlp"
1,"openjpa-2.csv","mlp"
1,"qpid-5.csv","mlp"
5,"artemis-2.csv","mlp"
