1,"mng-4.csv","LMT"
81,"forrest-0.8.csv","LMT"
1,"xalan-2.7.csv","LMT"
1,"xalan-2.6.csv","LMT"
1,"camel-1.4.csv","LMT"
1,"ant-1.6.csv","LMT"
1,"jedit-4.0.csv","LMT"
41,"log4j-1.2.csv","LMT"
1,"MC2.csv","LMT"
1,"log4j-1.1.csv","LMT"
1,"camel-1.6.csv","LMT"
81,"ar3.csv","LMT"
1,"xalan-2.6.csv","LMT"
1,"eclipse-2.1.csv","LMT"
1,"ivy-2.0.csv","LMT"
61,"PC3.csv","LMT"
1,"ant-1.5.csv","LMT"
1,"jedit-4.2.csv","LMT"
1,"prop-3.csv","LMT"
1,"xerces-1.4.csv","LMT"
1,"artemis-2.csv","LMT"
21,"openjpa-2.csv","LMT"
1,"mng-3.csv","LMT"
1,"mng-4.csv","LMT"
1,"qpid-5.csv","LMT"
1,"qpid-3.csv","LMT"
21,"velocity-1.5.csv","LMT"
1,"xerces-1.3.csv","LMT"
1,"prop-5.csv","LMT"
1,"poi-2.5.csv","LMT"
1,"ivy-1.4.csv","LMT"
1,"synapse-1.2.csv","LMT"
61,"lucene-2.4.csv","LMT"
1,"qpid-4.csv","LMT"
81,"ant-1.4.csv","LMT"
1,"jedit-4.1.csv","LMT"
1,"synapse-1.1.csv","LMT"
1,"prop-6.csv","LMT"
1,"prop-2.csv","LMT"
1,"poi-2.5.csv","LMT"
1,"ar5.csv","LMT"
1,"velocity-1.6.csv","LMT"
1,"eclipse-3.0.csv","LMT"
1,"prop-6.csv","LMT"
1,"lucene-2.2.csv","LMT"
1,"PC4.csv","LMT"
1,"ar4.csv","LMT"
1,"pbeans2.csv","LMT"
1,"poi-3.0.csv","LMT"
1,"ant-1.7.csv","LMT"
21,"ar6.csv","LMT"
1,"poi-2.0.csv","LMT"
1,"poi-2.0.csv","LMT"
1,"jedit-4.3.csv","LMT"
41,"mng-2.csv","LMT"
1,"prop-4.csv","LMT"
1,"prop-6.csv","LMT"
21,"camel-1.2.csv","LMT"
1,"xalan-2.5.csv","LMT"
1,"xalan-2.5.csv","LMT"
41,"mng-2.csv","LMT"
