429,"yes","synapse-1.2.csv","glmboost"
40,"no","ar4.csv","glmboost"
235,"yes","synapse-1.1.csv","glmboost"
40,"no","velocity-1.6.csv","glmboost"
235,"yes","log4j-1.1.csv","glmboost"
425,"yes","ant-1.4.csv","glmboost"
235,"yes","ar3.csv","glmboost"
282,"no","ar5.csv","glmboost"
429,"yes","ant-1.5.csv","glmboost"
282,"no","forrest-0.8.csv","glmboost"
235,"yes","ivy-1.4.csv","glmboost"
429,"yes","jedit-4.0.csv","glmboost"
235,"yes","ar6.csv","glmboost"
429,"yes","ivy-2.0.csv","glmboost"
235,"yes","camel-1.2.csv","glmboost"
282,"no","eclipse-3.0.csv","glmboost"
425,"yes","ant-1.6.csv","glmboost"
40,"no","pbeans2.csv","glmboost"
40,"no","lucene-2.2.csv","glmboost"
40,"no","log4j-1.2.csv","glmboost"
40,"no","lucene-2.4.csv","glmboost"
282,"no","poi-2.0.csv","glmboost"
425,"yes","jedit-4.1.csv","glmboost"
282,"no","prop-2.csv","glmboost"
40,"no","velocity-1.5.csv","glmboost"
282,"no","poi-2.5.csv","glmboost"
282,"no","prop-3.csv","glmboost"
282,"no","xerces-1.3.csv","glmboost"
282,"no","prop-4.csv","glmboost"
282,"no","prop-5.csv","glmboost"
429,"yes","ant-1.7.csv","glmboost"
429,"yes","jedit-4.2.csv","glmboost"
429,"yes","xalan-2.5.csv","glmboost"
429,"yes","camel-1.4.csv","glmboost"
235,"yes","poi-3.0.csv","glmboost"
429,"yes","xerces-1.4.csv","glmboost"
429,"yes","jedit-4.3.csv","glmboost"
429,"yes","xalan-2.6.csv","glmboost"
429,"yes","camel-1.6.csv","glmboost"
40,"no","PC4.csv","glmboost"
235,"yes","MC2.csv","glmboost"
235,"yes","mng-2.csv","glmboost"
235,"yes","mng-2.csv","glmboost"
282,"no","xalan-2.7.csv","glmboost"
235,"yes","mng-2.csv","glmboost"
282,"no","xalan-2.7.csv","glmboost"
282,"no","xalan-2.7.csv","glmboost"
282,"no","xalan-2.7.csv","glmboost"
282,"no","artemis-2.csv","glmboost"
282,"no","prop-6.csv","glmboost"
425,"yes","mng-3.csv","glmboost"
282,"no","openjpa-2.csv","glmboost"
282,"no","eclipse-2.1.csv","glmboost"
