0,FALSE,0,"ant-1.6.csv","naive_bayes"
0,FALSE,0,"lucene-2.2.csv","naive_bayes"
0,FALSE,0,"prop-4.csv","naive_bayes"
0,FALSE,0,"prop-5.csv","naive_bayes"
0,FALSE,0,"ar4.csv","naive_bayes"
0,FALSE,0,"velocity-1.6.csv","naive_bayes"
0,FALSE,0,"forrest-0.8.csv","naive_bayes"
0,FALSE,0,"poi-3.0.csv","naive_bayes"
0,FALSE,0,"velocity-1.5.csv","naive_bayes"
0,FALSE,0,"camel-1.2.csv","naive_bayes"
0,FALSE,0,"MC2.csv","naive_bayes"
0,FALSE,0,"synapse-1.1.csv","naive_bayes"
0,FALSE,0,"xalan-2.5.csv","naive_bayes"
0,FALSE,0,"jedit-4.3.csv","naive_bayes"
0,FALSE,0,"PC4.csv","naive_bayes"
0,FALSE,0,"ar5.csv","naive_bayes"
0,FALSE,0,"lucene-2.4.csv","naive_bayes"
0,FALSE,0,"log4j-1.1.csv","naive_bayes"
0,FALSE,0,"jedit-4.1.csv","naive_bayes"
0,FALSE,0,"xerces-1.3.csv","naive_bayes"
0,FALSE,0,"ant-1.4.csv","naive_bayes"
0,FALSE,0,"pbeans2.csv","naive_bayes"
0,FALSE,0,"ant-1.7.csv","naive_bayes"
0,FALSE,0,"xalan-2.7.csv","naive_bayes"
0,FALSE,0,"jedit-4.2.csv","naive_bayes"
0,FALSE,0,"prop-2.csv","naive_bayes"
0,FALSE,0,"log4j-1.2.csv","naive_bayes"
0,FALSE,0,"jedit-4.0.csv","naive_bayes"
0,FALSE,0,"camel-1.6.csv","naive_bayes"
0,FALSE,0,"xalan-2.6.csv","naive_bayes"
0,FALSE,0,"poi-2.0.csv","naive_bayes"
0,FALSE,0,"ivy-2.0.csv","naive_bayes"
0,FALSE,0,"eclipse-2.1.csv","naive_bayes"
0,FALSE,0,"ant-1.5.csv","naive_bayes"
0,FALSE,0,"xerces-1.4.csv","naive_bayes"
0,FALSE,0,"PC3.csv","naive_bayes"
0,FALSE,0,"camel-1.4.csv","naive_bayes"
0,FALSE,0,"synapse-1.2.csv","naive_bayes"
0,FALSE,0,"eclipse-3.0.csv","naive_bayes"
0,FALSE,0,"ar6.csv","naive_bayes"
0,FALSE,0,"poi-2.5.csv","naive_bayes"
0,FALSE,0,"prop-3.csv","naive_bayes"
0,FALSE,0,"ar3.csv","naive_bayes"
0,FALSE,0,"ivy-1.4.csv","naive_bayes"
0,FALSE,0,"prop-6.csv","naive_bayes"
0,FALSE,0,"qpid-4.csv","naive_bayes"
0,FALSE,0,"artemis-2.csv","naive_bayes"
0,FALSE,0,"qpid-4.csv","naive_bayes"
0,FALSE,0,"mng-3.csv","naive_bayes"
0,FALSE,0,"mng-4.csv","naive_bayes"
0,FALSE,0,"qpid-5.csv","naive_bayes"
0,FALSE,0,"qpid-3.csv","naive_bayes"
0,FALSE,0,"mng-4.csv","naive_bayes"
0,FALSE,0,"mng-2.csv","naive_bayes"
0,FALSE,0,"openjpa-2.csv","naive_bayes"
0,FALSE,0,"mng-3.csv","naive_bayes"
