15,"gini",13,"camel-1.2.csv","ranger"
5,"extratrees",1,"log4j-1.2.csv","ranger"
13,"gini",8,"prop-2.csv","ranger"
13,"gini",8,"xalan-2.6.csv","ranger"
13,"gini",8,"jedit-4.0.csv","ranger"
15,"gini",13,"ant-1.7.csv","ranger"
13,"gini",8,"prop-5.csv","ranger"
24,"gini",8,"ar6.csv","ranger"
18,"extratrees",11,"poi-3.0.csv","ranger"
5,"extratrees",1,"velocity-1.5.csv","ranger"
13,"gini",8,"camel-1.4.csv","ranger"
13,"gini",8,"ant-1.6.csv","ranger"
5,"extratrees",1,"jedit-4.3.csv","ranger"
5,"extratrees",1,"xalan-2.7.csv","ranger"
