45,3,"log4j-1.2.csv","AdaBag"
45,3,"poi-3.0.csv","AdaBag"
40,18,"prop-4.csv","AdaBag"
41,13,"ar3.csv","AdaBag"
33,23,"ar5.csv","AdaBag"
45,3,"ant-1.4.csv","AdaBag"
41,13,"mng-2.csv","AdaBag"
41,13,"velocity-1.6.csv","AdaBag"
45,3,"ant-1.7.csv","AdaBag"
41,13,"velocity-1.5.csv","AdaBag"
41,13,"jedit-4.3.csv","AdaBag"
33,23,"xalan-2.5.csv","AdaBag"
45,3,"jedit-4.0.csv","AdaBag"
45,3,"ivy-1.4.csv","AdaBag"
41,13,"mng-2.csv","AdaBag"
33,23,"ant-1.5.csv","AdaBag"
40,18,"xerces-1.4.csv","AdaBag"
45,3,"synapse-1.2.csv","AdaBag"
40,18,"PC4.csv","AdaBag"
26,24,"ar6.csv","AdaBag"
45,3,"log4j-1.1.csv","AdaBag"
45,3,"xalan-2.7.csv","AdaBag"
45,3,"poi-2.0.csv","AdaBag"
45,3,"synapse-1.1.csv","AdaBag"
41,13,"MC2.csv","AdaBag"
40,18,"xerces-1.3.csv","AdaBag"
40,18,"mng-3.csv","AdaBag"
40,18,"qpid-3.csv","AdaBag"
45,3,"xalan-2.6.csv","AdaBag"
40,18,"mng-4.csv","AdaBag"
40,18,"qpid-4.csv","AdaBag"
40,18,"PC3.csv","AdaBag"
33,23,"openjpa-2.csv","AdaBag"
40,18,"camel-1.2.csv","AdaBag"
40,18,"ant-1.6.csv","AdaBag"
41,13,"jedit-4.1.csv","AdaBag"
45,3,"lucene-2.2.csv","AdaBag"
41,13,"poi-2.5.csv","AdaBag"
40,18,"jedit-4.2.csv","AdaBag"
45,3,"lucene-2.4.csv","AdaBag"
40,18,"eclipse-2.1.csv","AdaBag"
40,18,"prop-3.csv","AdaBag"
41,13,"pbeans2.csv","AdaBag"
45,3,"lucene-2.4.csv","AdaBag"
41,13,"pbeans2.csv","AdaBag"
40,18,"qpid-5.csv","AdaBag"
40,18,"forrest-0.8.csv","AdaBag"
40,18,"prop-2.csv","AdaBag"
40,18,"qpid-4.csv","AdaBag"
40,18,"eclipse-2.1.csv","AdaBag"
40,18,"artemis-2.csv","AdaBag"
26,24,"ar4.csv","AdaBag"
45,3,"lucene-2.2.csv","AdaBag"
40,18,"camel-1.6.csv","AdaBag"
41,13,"camel-1.4.csv","AdaBag"
45,3,"ivy-2.0.csv","AdaBag"
40,18,"eclipse-3.0.csv","AdaBag"
40,18,"qpid-4.csv","AdaBag"
