5,0.01,FALSE,"PC3.csv","avNNet"
5,0.01,FALSE,"forrest-0.8.csv","avNNet"
9,0,TRUE,"pbeans2.csv","avNNet"
9,0.01,FALSE,"PC4.csv","avNNet"
3,0.001,FALSE,"ant-1.4.csv","avNNet"
1,0.01,FALSE,"log4j-1.1.csv","avNNet"
5,0.01,FALSE,"ivy-2.0.csv","avNNet"
9,0.1,FALSE,"eclipse-2.1.csv","avNNet"
9,0.1,FALSE,"camel-1.4.csv","avNNet"
9,0.01,FALSE,"xerces-1.3.csv","avNNet"
7,0.01,FALSE,"ant-1.6.csv","avNNet"
5,0.01,FALSE,"ar4.csv","avNNet"
3,0,FALSE,"ivy-1.4.csv","avNNet"
5,0.01,FALSE,"ar3.csv","avNNet"
7,0.01,FALSE,"ant-1.5.csv","avNNet"
7,0.01,FALSE,"camel-1.2.csv","avNNet"
1,0.01,TRUE,"lucene-2.2.csv","avNNet"
5,0.001,FALSE,"log4j-1.2.csv","avNNet"
5,0.01,FALSE,"ar5.csv","avNNet"
5,0.01,FALSE,"ar6.csv","avNNet"
1,0.1,FALSE,"jedit-4.0.csv","avNNet"
1,0,FALSE,"poi-2.0.csv","avNNet"
1,0,FALSE,"lucene-2.4.csv","avNNet"
3,0.001,FALSE,"synapse-1.1.csv","avNNet"
9,0.01,FALSE,"jedit-4.1.csv","avNNet"
9,0.01,FALSE,"poi-2.5.csv","avNNet"
1,0,FALSE,"velocity-1.6.csv","avNNet"
9,0.1,FALSE,"jedit-4.2.csv","avNNet"
7,0.01,FALSE,"xalan-2.5.csv","avNNet"
1,0,TRUE,"velocity-1.5.csv","avNNet"
1,0.01,FALSE,"poi-3.0.csv","avNNet"
9,0.1,FALSE,"jedit-4.3.csv","avNNet"
9,0.01,FALSE,"xerces-1.4.csv","avNNet"
5,0.001,FALSE,"synapse-1.2.csv","avNNet"
9,0.1,FALSE,"camel-1.6.csv","avNNet"
1,0.01,FALSE,"ant-1.7.csv","avNNet"
9,0.01,TRUE,"xalan-2.6.csv","avNNet"
9,0.1,FALSE,"MC2.csv","avNNet"
9,0.01,FALSE,"mng-3.csv","avNNet"
9,0.01,FALSE,"mng-3.csv","avNNet"
9,0.01,TRUE,"xalan-2.7.csv","avNNet"
9,0.01,FALSE,"mng-4.csv","avNNet"
9,0.01,FALSE,"qpid-3.csv","avNNet"
9,0.01,FALSE,"mng-4.csv","avNNet"
9,0.01,FALSE,"artemis-2.csv","avNNet"
7,0.01,FALSE,"openjpa-2.csv","avNNet"
7,0.01,FALSE,"mng-2.csv","avNNet"
9,0.1,TRUE,"qpid-4.csv","avNNet"
9,0.01,FALSE,"qpid-3.csv","avNNet"
7,0.01,FALSE,"mng-2.csv","avNNet"
9,0.01,FALSE,"openjpa-2.csv","avNNet"
9,0.1,TRUE,"prop-2.csv","avNNet"
9,0.1,TRUE,"eclipse-3.0.csv","avNNet"
7,0.01,FALSE,"artemis-2.csv","avNNet"
9,0.1,FALSE,"qpid-5.csv","avNNet"
