2,"ant-1.4.csv","rpart2"
11,"ant-1.5.csv","rpart2"
1,"ar4.csv","rpart2"
3,"ar5.csv","rpart2"
11,"ant-1.6.csv","rpart2"
1,"ar6.csv","rpart2"
2,"ant-1.7.csv","rpart2"
28,"camel-1.4.csv","rpart2"
16,"camel-1.6.csv","rpart2"
1,"log4j-1.1.csv","rpart2"
3,"ivy-1.4.csv","rpart2"
12,"ivy-2.0.csv","rpart2"
1,"jedit-4.0.csv","rpart2"
8,"jedit-4.1.csv","rpart2"
13,"jedit-4.2.csv","rpart2"
1,"jedit-4.3.csv","rpart2"
11,"eclipse-2.1.csv","rpart2"
5,"eclipse-3.0.csv","rpart2"
4,"log4j-1.2.csv","rpart2"
7,"lucene-2.2.csv","rpart2"
7,"lucene-2.4.csv","rpart2"
4,"poi-2.0.csv","rpart2"
2,"PC3.csv","rpart2"
12,"poi-2.5.csv","rpart2"
2,"poi-3.0.csv","rpart2"
20,"PC4.csv","rpart2"
4,"synapse-1.1.csv","rpart2"
1,"velocity-1.5.csv","rpart2"
1,"velocity-1.6.csv","rpart2"
15,"xalan-2.5.csv","rpart2"
9,"synapse-1.2.csv","rpart2"
24,"xalan-2.6.csv","rpart2"
1,"xalan-2.7.csv","rpart2"
21,"xerces-1.4.csv","rpart2"
13,"xerces-1.3.csv","rpart2"
