0.01,5,"velocity-1.6.csv","J48"
0.01,5,"velocity-1.5.csv","J48"
0.1325,3,"xalan-2.5.csv","J48"
0.5,2,"xerces-1.3.csv","J48"
0.5,1,"xerces-1.4.csv","J48"
0.255,5,"xalan-2.6.csv","J48"
0.1325,1,"xalan-2.7.csv","J48"
0.255,5,"synapse-1.1.csv","J48"
0.1325,5,"synapse-1.2.csv","J48"
0.01,2,"pbeans2.csv","J48"
0.01,4,"poi-2.0.csv","J48"
0.5,2,"poi-2.5.csv","J48"
0.01,5,"poi-3.0.csv","J48"
0.5,1,"mng-2.csv","J48"
0.5,2,"PC4.csv","J48"
0.5,1,"qpid-3.csv","J48"
0.5,1,"mng-3.csv","J48"
0.5,1,"mng-4.csv","J48"
0.01,1,"PC3.csv","J48"
0.5,1,"log4j-1.1.csv","J48"
0.5,5,"lucene-2.2.csv","J48"
0.1325,2,"log4j-1.2.csv","J48"
0.01,4,"jedit-4.0.csv","J48"
0.255,1,"jedit-4.1.csv","J48"
0.5,1,"jedit-4.2.csv","J48"
0.5,1,"ivy-2.0.csv","J48"
0.3775,1,"jedit-4.3.csv","J48"
0.5,1,"lucene-2.4.csv","J48"
0.5,1,"MC2.csv","J48"
0.01,4,"forrest-0.8.csv","J48"
0.01,2,"camel-1.2.csv","J48"
0.01,4,"ivy-1.4.csv","J48"
0.5,1,"openjpa-2.csv","J48"
0.1325,5,"ar5.csv","J48"
0.5,1,"camel-1.4.csv","J48"
0.01,5,"ar6.csv","J48"
0.5,1,"camel-1.6.csv","J48"
0.5,1,"ant-1.5.csv","J48"
0.3775,3,"ant-1.4.csv","J48"
0.01,1,"ant-1.6.csv","J48"
0.01,5,"ant-1.7.csv","J48"
0.3775,3,"ar3.csv","J48"
0.01,5,"ar4.csv","J48"
0.1325,1,"eclipse-2.1.csv","J48"
0.01,5,"velocity-1.6.csv","J48"
0.01,5,"velocity-1.6.csv","J48"
0.1325,1,"eclipse-3.0.csv","J48"
0.5,1,"prop-2.csv","J48"
0.5,1,"qpid-4.csv","J48"
0.5,2,"artemis-2.csv","J48"
0.5,1,"qpid-4.csv","J48"
0.1325,1,"eclipse-3.0.csv","J48"
0.5,1,"qpid-5.csv","J48"
0.5,1,"prop-3.csv","J48"
0.1325,1,"eclipse-3.0.csv","J48"
0.5,1,"qpid-5.csv","J48"
0.1325,1,"eclipse-3.0.csv","J48"
