81,0.822352442191914,"inv","xerces-1.3.csv","kknn"
89,2.26383426622488,"epanechnikov","ant-1.7.csv","kknn"
81,0.822352442191914,"inv","ant-1.6.csv","kknn"
17,0.822352442191914,"inv","ant-1.4.csv","kknn"
79,0.822352442191914,"inv","MC2.csv","kknn"
17,0.822352442191914,"inv","ar4.csv","kknn"
17,0.822352442191914,"inv","ar3.csv","kknn"
81,0.822352442191914,"inv","ar5.csv","kknn"
81,0.822352442191914,"inv","ant-1.5.csv","kknn"
1,0.822352442191914,"inv","forrest-0.8.csv","kknn"
17,0.822352442191914,"inv","ivy-1.4.csv","kknn"
81,0.822352442191914,"inv","jedit-4.0.csv","kknn"
1,0.822352442191914,"inv","pbeans2.csv","kknn"
81,0.822352442191914,"inv","ar6.csv","kknn"
81,0.822352442191914,"inv","camel-1.2.csv","kknn"
81,0.822352442191914,"inv","ivy-2.0.csv","kknn"
17,0.822352442191914,"inv","log4j-1.1.csv","kknn"
51,1.02258864138275,"triweight","lucene-2.2.csv","kknn"
81,1.71334909717552,"epanechnikov","log4j-1.2.csv","kknn"
21,1.08545393077657,"inv","synapse-1.1.csv","kknn"
81,0.822352442191914,"inv","lucene-2.4.csv","kknn"
65,1.02258864138275,"triweight","poi-2.0.csv","kknn"
81,0.822352442191914,"inv","jedit-4.1.csv","kknn"
51,1.02258864138275,"triweight","velocity-1.5.csv","kknn"
81,0.822352442191914,"inv","poi-2.5.csv","kknn"
81,0.822352442191914,"inv","synapse-1.2.csv","kknn"
81,0.822352442191914,"inv","velocity-1.6.csv","kknn"
51,2.53672477067448,"triweight","PC3.csv","kknn"
79,1.11633559176698,"triweight","camel-1.4.csv","kknn"
89,2.26383426622488,"epanechnikov","jedit-4.2.csv","kknn"
213,1.08545393077657,"inv","xalan-2.5.csv","kknn"
51,0.28083362407051,"triangular","poi-3.0.csv","kknn"
79,1.11633559176698,"triweight","xerces-1.4.csv","kknn"
337,0.822352442191914,"inv","jedit-4.3.csv","kknn"
469,1.08545393077657,"inv","xalan-2.6.csv","kknn"
469,0.822352442191914,"inv","camel-1.6.csv","kknn"
79,0.822352442191914,"inv","xalan-2.7.csv","kknn"
469,1.08545393077657,"inv","mng-3.csv","kknn"
469,0.822352442191914,"inv","PC4.csv","kknn"
79,0.822352442191914,"inv","xalan-2.7.csv","kknn"
79,0.822352442191914,"inv","mng-2.csv","kknn"
469,0.822352442191914,"inv","PC4.csv","kknn"
1129,1.02258864138275,"triweight","eclipse-2.1.csv","kknn"
469,0.822352442191914,"inv","PC4.csv","kknn"
469,0.822352442191914,"inv","PC4.csv","kknn"
1129,1.02258864138275,"triweight","eclipse-2.1.csv","kknn"
563,1.30536468839273,"gaussian","mng-4.csv","kknn"
