8,"ant-1.5.csv","rpart2"
11,"ant-1.6.csv","rpart2"
1,"ar4.csv","rpart2"
3,"ar5.csv","rpart2"
3,"ar6.csv","rpart2"
3,"ant-1.7.csv","rpart2"
30,"camel-1.4.csv","rpart2"
16,"camel-1.6.csv","rpart2"
10,"eclipse-2.1.csv","rpart2"
5,"eclipse-3.0.csv","rpart2"
4,"log4j-1.2.csv","rpart2"
5,"lucene-2.2.csv","rpart2"
2,"log4j-1.1.csv","rpart2"
10,"jedit-4.1.csv","rpart2"
25,"jedit-4.2.csv","rpart2"
24,"jedit-4.3.csv","rpart2"
3,"ivy-1.4.csv","rpart2"
12,"ivy-2.0.csv","rpart2"
3,"jedit-4.0.csv","rpart2"
8,"poi-2.0.csv","rpart2"
2,"poi-3.0.csv","rpart2"
21,"poi-2.5.csv","rpart2"
18,"lucene-2.4.csv","rpart2"
20,"PC4.csv","rpart2"
15,"velocity-1.6.csv","rpart2"
11,"xalan-2.5.csv","rpart2"
24,"xalan-2.6.csv","rpart2"
4,"velocity-1.5.csv","rpart2"
9,"synapse-1.2.csv","rpart2"
10,"xalan-2.7.csv","rpart2"
13,"xerces-1.3.csv","rpart2"
17,"xerces-1.4.csv","rpart2"
