0.5,4,"ant-1.4.csv","J48"
0.5,4,"camel-1.2.csv","J48"
0.255,5,"ant-1.5.csv","J48"
0.5,5,"ar6.csv","J48"
0.5,5,"ant-1.6.csv","J48"
0.5,2,"ar3.csv","J48"
0.5,5,"ar4.csv","J48"
0.01,5,"ant-1.7.csv","J48"
0.3775,5,"ar5.csv","J48"
0.5,5,"camel-1.4.csv","J48"
0.5,5,"jedit-4.1.csv","J48"
0.255,4,"ivy-1.4.csv","J48"
0.1325,5,"jedit-4.0.csv","J48"
0.5,5,"jedit-4.2.csv","J48"
0.5,5,"ivy-2.0.csv","J48"
0.5,5,"forrest-0.8.csv","J48"
0.255,5,"jedit-4.3.csv","J48"
0.5,5,"camel-1.6.csv","J48"
0.01,5,"eclipse-2.1.csv","J48"
0.5,5,"artemis-2.csv","J48"
0.255,2,"pbeans2.csv","J48"
0.5,5,"lucene-2.2.csv","J48"
0.255,5,"log4j-1.1.csv","J48"
0.5,5,"log4j-1.2.csv","J48"
0.5,5,"lucene-2.4.csv","J48"
0.5,4,"mng-2.csv","J48"
0.5,4,"mng-3.csv","J48"
0.5,4,"MC2.csv","J48"
0.5,5,"mng-4.csv","J48"
0.5,5,"poi-2.0.csv","J48"
0.3775,5,"poi-2.5.csv","J48"
0.5,4,"PC3.csv","J48"
0.01,5,"poi-3.0.csv","J48"
0.255,5,"PC4.csv","J48"
0.255,4,"synapse-1.1.csv","J48"
0.3775,5,"velocity-1.5.csv","J48"
0.5,4,"velocity-1.6.csv","J48"
0.5,5,"synapse-1.2.csv","J48"
0.01,5,"xalan-2.5.csv","J48"
0.5,2,"openjpa-2.csv","J48"
0.3775,5,"eclipse-3.0.csv","J48"
0.5,5,"xalan-2.6.csv","J48"
0.01,5,"xalan-2.7.csv","J48"
0.5,5,"xerces-1.3.csv","J48"
0.3775,5,"qpid-3.csv","J48"
0.5,5,"qpid-4.csv","J48"
0.5,5,"qpid-5.csv","J48"
0.5,5,"prop-2.csv","J48"
0.5,5,"xerces-1.4.csv","J48"
0.5,4,"ant-1.4.csv","J48"
0.5,5,"prop-3.csv","J48"
0.5,5,"xerces-1.4.csv","J48"
0.5,5,"prop-3.csv","J48"
0.5,5,"xerces-1.4.csv","J48"
