0.01,3,"synapse-1.1.csv","J48"
0.01,5,"velocity-1.5.csv","J48"
0.01,5,"synapse-1.2.csv","J48"
0.01,3,"xerces-1.3.csv","J48"
0.01,5,"velocity-1.6.csv","J48"
0.01,5,"xalan-2.5.csv","J48"
0.01,5,"xerces-1.4.csv","J48"
0.01,5,"xalan-2.6.csv","J48"
0.01,5,"xalan-2.7.csv","J48"
0.01,4,"poi-2.0.csv","J48"
0.01,5,"poi-2.5.csv","J48"
0.01,5,"poi-3.0.csv","J48"
0.01,2,"lucene-2.2.csv","J48"
0.01,2,"pbeans2.csv","J48"
0.5,1,"lucene-2.4.csv","J48"
0.01,4,"mng-2.csv","J48"
0.01,5,"PC3.csv","J48"
0.01,5,"MC2.csv","J48"
0.01,5,"mng-3.csv","J48"
0.01,5,"PC4.csv","J48"
0.01,5,"forrest-0.8.csv","J48"
0.01,2,"log4j-1.2.csv","J48"
0.01,3,"ivy-1.4.csv","J48"
0.01,2,"log4j-1.1.csv","J48"
0.01,4,"jedit-4.0.csv","J48"
0.01,2,"ivy-2.0.csv","J48"
0.01,1,"jedit-4.1.csv","J48"
0.01,1,"jedit-4.2.csv","J48"
0.01,1,"mng-4.csv","J48"
0.01,2,"qpid-3.csv","J48"
0.01,1,"jedit-4.3.csv","J48"
0.01,3,"camel-1.2.csv","J48"
0.01,5,"ar3.csv","J48"
0.01,5,"ar4.csv","J48"
0.01,2,"ant-1.7.csv","J48"
0.01,2,"camel-1.4.csv","J48"
0.01,5,"ar5.csv","J48"
0.01,5,"ar6.csv","J48"
0.01,3,"camel-1.6.csv","J48"
0.01,1,"openjpa-2.csv","J48"
0.01,5,"ant-1.5.csv","J48"
0.01,5,"ant-1.4.csv","J48"
0.01,2,"ant-1.6.csv","J48"
0.01,3,"eclipse-2.1.csv","J48"
0.1325,5,"artemis-2.csv","J48"
0.1325,5,"artemis-2.csv","J48"
0.01,2,"prop-2.csv","J48"
0.01,3,"synapse-1.1.csv","J48"
0.1325,5,"artemis-2.csv","J48"
0.01,5,"eclipse-3.0.csv","J48"
0.01,1,"qpid-4.csv","J48"
0.01,4,"prop-4.csv","J48"
0.01,5,"eclipse-3.0.csv","J48"
0.01,3,"prop-3.csv","J48"
0.01,3,"prop-3.csv","J48"
0.01,5,"eclipse-3.0.csv","J48"
0.01,5,"eclipse-3.0.csv","J48"
0.01,1,"qpid-5.csv","J48"
0.01,3,"prop-3.csv","J48"
