1,3,2,"xalan-2.7.csv","JRip"
5,3,2,"poi-2.0.csv","JRip"
1,3,2,"qpid-5.csv","JRip"
1,3,2,"camel-1.4.csv","JRip"
1,3,2,"ivy-2.0.csv","JRip"
1,3,2,"camel-1.6.csv","JRip"
1,3,2,"xalan-2.6.csv","JRip"
3,3,2,"xerces-1.4.csv","JRip"
1,3,2,"mng-3.csv","JRip"
1,3,2,"mng-2.csv","JRip"
4,3,2,"velocity-1.6.csv","JRip"
2,3,2,"ant-1.6.csv","JRip"
5,3,2,"pbeans2.csv","JRip"
1,3,2,"qpid-3.csv","JRip"
1,3,2,"eclipse-3.0.csv","JRip"
1,3,2,"prop-2.csv","JRip"
1,3,2,"poi-2.5.csv","JRip"
1,3,2,"prop-5.csv","JRip"
1,3,2,"ar5.csv","JRip"
1,3,2,"ant-1.4.csv","JRip"
1,3,2,"openjpa-2.csv","JRip"
2,3,2,"ant-1.5.csv","JRip"
1,3,2,"jedit-4.0.csv","JRip"
1,3,2,"prop-4.csv","JRip"
1,3,2,"MC2.csv","JRip"
1,3,2,"forrest-0.8.csv","JRip"
1,3,2,"prop-3.csv","JRip"
5,3,2,"ivy-1.4.csv","JRip"
1,3,2,"ar4.csv","JRip"
1,3,2,"lucene-2.2.csv","JRip"
5,3,2,"ar3.csv","JRip"
5,3,2,"xerces-1.3.csv","JRip"
4,3,2,"velocity-1.5.csv","JRip"
2,3,2,"synapse-1.1.csv","JRip"
1,3,2,"synapse-1.2.csv","JRip"
1,3,2,"xalan-2.5.csv","JRip"
5,3,2,"PC3.csv","JRip"
4,3,2,"poi-3.0.csv","JRip"
1,3,2,"xalan-2.7.csv","JRip"
1,3,2,"log4j-1.1.csv","JRip"
2,3,2,"PC4.csv","JRip"
1,3,2,"lucene-2.2.csv","JRip"
1,3,2,"log4j-1.2.csv","JRip"
5,3,2,"lucene-2.4.csv","JRip"
2,3,2,"mng-4.csv","JRip"
1,3,2,"jedit-4.1.csv","JRip"
1,3,2,"jedit-4.2.csv","JRip"
1,3,2,"jedit-4.3.csv","JRip"
3,3,2,"camel-1.2.csv","JRip"
2,3,2,"ar6.csv","JRip"
1,3,2,"ant-1.7.csv","JRip"
1,3,2,"qpid-4.csv","JRip"
1,3,2,"artemis-2.csv","JRip"
1,3,2,"eclipse-2.1.csv","JRip"
1,3,2,"prop-6.csv","JRip"
5,3,2,"xerces-1.3.csv","JRip"
1,3,2,"prop-6.csv","JRip"
1,3,2,"prop-6.csv","JRip"
1,3,2,"prop-6.csv","JRip"
