0.9,0.5,"pbeans2.csv","svmRadial"
0.9,0.5,"camel-1.2.csv","svmRadial"
0.1,0.25,"jedit-4.3.csv","svmRadial"
0.1,0.5,"ivy-1.4.csv","svmRadial"
0.1,1,"xalan-2.5.csv","svmRadial"
0.5,0.25,"velocity-1.5.csv","svmRadial"
0.1,0.25,"xalan-2.6.csv","svmRadial"
0.1,0.25,"synapse-1.1.csv","svmRadial"
0.1,0.25,"log4j-1.1.csv","svmRadial"
0.1,4,"xerces-1.3.csv","svmRadial"
0.1,2,"poi-2.0.csv","svmRadial"
0.1,1,"camel-1.4.csv","svmRadial"
0.1,4,"poi-2.5.csv","svmRadial"
0.1,0.25,"jedit-4.0.csv","svmRadial"
0.3,0.25,"ant-1.7.csv","svmRadial"
0.9,0.5,"eclipse-2.1.csv","svmRadial"
0.5,0.25,"ant-1.6.csv","svmRadial"
0.1,4,"ar6.csv","svmRadial"
0.1,0.25,"log4j-1.2.csv","svmRadial"
0.1,2,"ar5.csv","svmRadial"
0.1,0.25,"lucene-2.4.csv","svmRadial"
0.5,2,"ant-1.5.csv","svmRadial"
0.7,4,"PC3.csv","svmRadial"
0.1,2,"camel-1.6.csv","svmRadial"
0.1,4,"prop-2.csv","svmRadial"
0.3,2,"ar4.csv","svmRadial"
0.3,0.25,"jedit-4.2.csv","svmRadial"
0.1,0.25,"xalan-2.7.csv","svmRadial"
0.1,0.25,"ant-1.4.csv","svmRadial"
0.1,0.25,"ivy-2.0.csv","svmRadial"
0.1,0.25,"poi-3.0.csv","svmRadial"
0.1,0.5,"jedit-4.1.csv","svmRadial"
0.1,0.25,"forrest-0.8.csv","svmRadial"
0.3,2,"ar3.csv","svmRadial"
0.1,0.25,"lucene-2.2.csv","svmRadial"
0.1,0.25,"synapse-1.2.csv","svmRadial"
0.1,0.25,"velocity-1.6.csv","svmRadial"
0.1,0.25,"xerces-1.4.csv","svmRadial"
0.5,4,"MC2.csv","svmRadial"
0.5,2,"PC4.csv","svmRadial"
0.5,1,"mng-2.csv","svmRadial"
0.9,4,"mng-3.csv","svmRadial"
0.9,4,"mng-4.csv","svmRadial"
0.9,4,"mng-3.csv","svmRadial"
0.9,4,"mng-3.csv","svmRadial"
0.9,0.5,"eclipse-3.0.csv","svmRadial"
0.3,4,"artemis-2.csv","svmRadial"
0.3,4,"artemis-2.csv","svmRadial"
0.3,4,"openjpa-2.csv","svmRadial"
0.9,0.5,"qpid-3.csv","svmRadial"
0.5,0.5,"qpid-4.csv","svmRadial"
0.9,0.5,"eclipse-3.0.csv","svmRadial"
0.5,0.25,"qpid-5.csv","svmRadial"
