81,0.822352442191914,"inv","jedit-4.1.csv","kknn"
85,1.08545393077657,"inv","ant-1.5.csv","kknn"
345,1.11633559176698,"triweight","xalan-2.6.csv","kknn"
1,0.28083362407051,"triangular","ar3.csv","kknn"
85,1.08545393077657,"inv","ar5.csv","kknn"
81,0.822352442191914,"inv","lucene-2.4.csv","kknn"
1,0.822352442191914,"inv","pbeans2.csv","kknn"
51,0.28083362407051,"triangular","camel-1.4.csv","kknn"
17,0.822352442191914,"inv","ivy-1.4.csv","kknn"
81,0.822352442191914,"inv","ivy-2.0.csv","kknn"
81,0.822352442191914,"inv","xerces-1.3.csv","kknn"
81,0.822352442191914,"inv","camel-1.2.csv","kknn"
79,0.822352442191914,"inv","xalan-2.7.csv","kknn"
73,0.653288248227909,"biweight","poi-2.0.csv","kknn"
17,0.822352442191914,"inv","ant-1.4.csv","kknn"
25,1.11633559176698,"triweight","ar4.csv","kknn"
51,2.53672477067448,"triweight","ant-1.6.csv","kknn"
9,1.11633559176698,"triweight","forrest-0.8.csv","kknn"
17,0.822352442191914,"inv","log4j-1.1.csv","kknn"
85,1.08545393077657,"inv","ar6.csv","kknn"
51,1.10137026454322,"rectangular","log4j-1.2.csv","kknn"
85,1.08545393077657,"inv","jedit-4.0.csv","kknn"
51,1.02258864138275,"triweight","lucene-2.2.csv","kknn"
21,1.08545393077657,"inv","synapse-1.1.csv","kknn"
5,0.653288248227909,"biweight","velocity-1.5.csv","kknn"
65,0.28083362407051,"triangular","poi-2.5.csv","kknn"
81,0.822352442191914,"inv","synapse-1.2.csv","kknn"
65,0.28083362407051,"triangular","velocity-1.6.csv","kknn"
51,0.28083362407051,"triangular","jedit-4.2.csv","kknn"
51,2.53672477067448,"triweight","PC3.csv","kknn"
89,2.26383426622488,"epanechnikov","ant-1.7.csv","kknn"
213,1.08545393077657,"inv","xalan-2.5.csv","kknn"
51,0.28083362407051,"triangular","poi-3.0.csv","kknn"
51,0.28083362407051,"triangular","xerces-1.4.csv","kknn"
337,0.822352442191914,"inv","jedit-4.3.csv","kknn"
469,0.822352442191914,"inv","camel-1.6.csv","kknn"
469,0.822352442191914,"inv","PC4.csv","kknn"
79,0.822352442191914,"inv","MC2.csv","kknn"
79,0.822352442191914,"inv","mng-2.csv","kknn"
79,0.822352442191914,"inv","mng-2.csv","kknn"
469,1.08545393077657,"inv","mng-3.csv","kknn"
469,1.08545393077657,"inv","mng-3.csv","kknn"
1129,1.02258864138275,"triweight","eclipse-2.1.csv","kknn"
1129,1.02258864138275,"triweight","mng-4.csv","kknn"
