100,1,0.1,10,"ant-1.4.csv","gbm"
100,1,0.1,10,"ant-1.5.csv","gbm"
100,1,0.1,10,"ant-1.6.csv","gbm"
100,1,0.1,10,"ar3.csv","gbm"
100,1,0.1,10,"ar4.csv","gbm"
100,1,0.1,10,"camel-1.2.csv","gbm"
100,1,0.1,10,"ar5.csv","gbm"
100,1,0.1,10,"ar6.csv","gbm"
100,1,0.1,10,"camel-1.6.csv","gbm"
100,1,0.1,10,"camel-1.4.csv","gbm"
100,1,0.1,10,"ant-1.7.csv","gbm"
100,1,0.1,10,"log4j-1.1.csv","gbm"
100,1,0.1,10,"ivy-1.4.csv","gbm"
100,1,0.1,10,"lucene-2.2.csv","gbm"
100,1,0.1,10,"log4j-1.2.csv","gbm"
100,1,0.1,10,"jedit-4.0.csv","gbm"
100,1,0.1,10,"ivy-2.0.csv","gbm"
100,1,0.1,10,"jedit-4.1.csv","gbm"
100,1,0.1,10,"jedit-4.2.csv","gbm"
100,1,0.1,10,"jedit-4.3.csv","gbm"
100,1,0.1,10,"poi-2.5.csv","gbm"
100,1,0.1,10,"poi-2.0.csv","gbm"
100,1,0.1,10,"lucene-2.4.csv","gbm"
100,1,0.1,10,"poi-3.0.csv","gbm"
100,1,0.1,10,"PC3.csv","gbm"
100,1,0.1,10,"synapse-1.1.csv","gbm"
100,1,0.1,10,"velocity-1.5.csv","gbm"
100,1,0.1,10,"synapse-1.2.csv","gbm"
100,1,0.1,10,"velocity-1.6.csv","gbm"
100,1,0.1,10,"xalan-2.5.csv","gbm"
100,1,0.1,10,"xalan-2.7.csv","gbm"
100,1,0.1,10,"xalan-2.6.csv","gbm"
100,1,0.1,10,"PC4.csv","gbm"
100,1,0.1,10,"xerces-1.3.csv","gbm"
100,1,0.1,10,"MC2.csv","gbm"
100,1,0.1,10,"xerces-1.4.csv","gbm"
100,1,0.1,10,"eclipse-2.1.csv","gbm"
100,1,0.1,10,"prop-2.csv","gbm"
100,1,0.1,10,"eclipse-3.0.csv","gbm"
100,1,0.1,10,"prop-6.csv","gbm"
100,1,0.1,10,"prop-4.csv","gbm"
100,1,0.1,10,"qpid-4.csv","gbm"
100,1,0.1,10,"prop-4.csv","gbm"
100,1,0.1,10,"mng-3.csv","gbm"
100,1,0.1,10,"mng-2.csv","gbm"
100,1,0.1,10,"artemis-2.csv","gbm"
100,1,0.1,10,"mng-4.csv","gbm"
100,1,0.1,10,"prop-3.csv","gbm"
100,1,0.1,10,"artemis-2.csv","gbm"
100,1,0.1,10,"qpid-3.csv","gbm"
100,1,0.1,10,"qpid-5.csv","gbm"
100,1,0.1,10,"openjpa-2.csv","gbm"
100,1,0.1,10,"mng-3.csv","gbm"
100,1,0.1,10,"prop-5.csv","gbm"
