2,"ant-1.4.csv","rpart2"
3,"ant-1.6.csv","rpart2"
3,"ant-1.7.csv","rpart2"
3,"ant-1.5.csv","rpart2"
1,"ar6.csv","rpart2"
2,"camel-1.4.csv","rpart2"
3,"camel-1.6.csv","rpart2"
1,"ar4.csv","rpart2"
1,"ivy-1.4.csv","rpart2"
3,"ar5.csv","rpart2"
2,"eclipse-2.1.csv","rpart2"
7,"eclipse-3.0.csv","rpart2"
2,"log4j-1.1.csv","rpart2"
1,"log4j-1.2.csv","rpart2"
1,"lucene-2.2.csv","rpart2"
3,"jedit-4.0.csv","rpart2"
1,"lucene-2.4.csv","rpart2"
2,"jedit-4.1.csv","rpart2"
3,"jedit-4.2.csv","rpart2"
7,"ivy-2.0.csv","rpart2"
3,"jedit-4.3.csv","rpart2"
2,"PC3.csv","rpart2"
16,"PC4.csv","rpart2"
4,"poi-2.0.csv","rpart2"
2,"poi-2.5.csv","rpart2"
3,"poi-3.0.csv","rpart2"
13,"xerces-1.3.csv","rpart2"
4,"synapse-1.1.csv","rpart2"
6,"xerces-1.4.csv","rpart2"
3,"velocity-1.5.csv","rpart2"
1,"synapse-1.2.csv","rpart2"
12,"velocity-1.6.csv","rpart2"
5,"xalan-2.5.csv","rpart2"
2,"xalan-2.6.csv","rpart2"
4,"xalan-2.7.csv","rpart2"
4,"poi-2.0.csv","rpart2"
4,"poi-2.0.csv","rpart2"
16,"PC4.csv","rpart2"
16,"PC4.csv","rpart2"
4,"poi-2.0.csv","rpart2"
