3,"gini",9,"lucene-2.4.csv","ranger"
15,"gini",13,"synapse-1.1.csv","ranger"
18,"extratrees",11,"ant-1.7.csv","ranger"
3,"gini",9,"xerces-1.4.csv","ranger"
18,"extratrees",11,"ant-1.6.csv","ranger"
5,"extratrees",1,"jedit-4.0.csv","ranger"
3,"gini",9,"poi-2.0.csv","ranger"
5,"extratrees",1,"ant-1.5.csv","ranger"
3,"gini",9,"jedit-4.2.csv","ranger"
18,"extratrees",11,"ar6.csv","ranger"
18,"extratrees",11,"poi-3.0.csv","ranger"
3,"gini",9,"xalan-2.7.csv","ranger"
3,"gini",9,"camel-1.6.csv","ranger"
3,"gini",9,"log4j-1.2.csv","ranger"
3,"gini",9,"xalan-2.5.csv","ranger"
