1,"xerces-1.3.csv","pda"
5,"velocity-1.5.csv","pda"
5,"poi-3.0.csv","pda"
2,"ant-1.5.csv","pda"
4,"prop-6.csv","pda"
5,"ar3.csv","pda"
1,"eclipse-3.0.csv","pda"
5,"ivy-1.4.csv","pda"
5,"pbeans2.csv","pda"
4,"prop-4.csv","pda"
5,"log4j-1.2.csv","pda"
1,"jedit-4.0.csv","pda"
1,"ar6.csv","pda"
1,"ar5.csv","pda"
1,"poi-2.5.csv","pda"
1,"ant-1.4.csv","pda"
1,"ivy-2.0.csv","pda"
2,"jedit-4.3.csv","pda"
1,"xerces-1.4.csv","pda"
1,"ant-1.6.csv","pda"
3,"jedit-4.2.csv","pda"
1,"PC4.csv","pda"
5,"velocity-1.6.csv","pda"
1,"jedit-4.1.csv","pda"
1,"camel-1.4.csv","pda"
1,"eclipse-2.1.csv","pda"
1,"prop-2.csv","pda"
5,"forrest-0.8.csv","pda"
1,"xalan-2.5.csv","pda"
4,"camel-1.2.csv","pda"
5,"log4j-1.1.csv","pda"
4,"MC2.csv","pda"
1,"xalan-2.7.csv","pda"
1,"prop-5.csv","pda"
1,"camel-1.6.csv","pda"
1,"synapse-1.1.csv","pda"
4,"PC3.csv","pda"
4,"poi-2.0.csv","pda"
1,"prop-3.csv","pda"
1,"xalan-2.6.csv","pda"
5,"ar4.csv","pda"
1,"synapse-1.2.csv","pda"
1,"ant-1.7.csv","pda"
5,"lucene-2.2.csv","pda"
5,"lucene-2.4.csv","pda"
1,"mng-2.csv","pda"
1,"openjpa-2.csv","pda"
1,"openjpa-2.csv","pda"
1,"qpid-5.csv","pda"
1,"qpid-4.csv","pda"
1,"openjpa-2.csv","pda"
1,"artemis-2.csv","pda"
1,"mng-3.csv","pda"
1,"mng-4.csv","pda"
1,"mng-4.csv","pda"
1,"openjpa-2.csv","pda"
1,"qpid-3.csv","pda"
1,"qpid-3.csv","pda"
1,"mng-4.csv","pda"
1,"qpid-5.csv","pda"
