0.01,"camel-1.4.csv","rpart"
0.1,"ant-1.5.csv","rpart"
0.1,"ant-1.5.csv","rpart"
0.1,"log4j-1.2.csv","rpart"
0.001,"prop-5.csv","rpart"
0.1,"xerces-1.4.csv","rpart"
0.001,"qpid-4.csv","rpart"
0.001,"velocity-1.6.csv","rpart"
0.1,"ant-1.7.csv","rpart"
0.1,"ar5.csv","rpart"
0.1,"ivy-1.4.csv","rpart"
0.1,"lucene-2.4.csv","rpart"
0.01,"prop-2.csv","rpart"
0.001,"prop-6.csv","rpart"
0.01,"poi-2.0.csv","rpart"
0.01,"camel-1.6.csv","rpart"
0.01,"jedit-4.3.csv","rpart"
0.1,"synapse-1.2.csv","rpart"
0.01,"mng-4.csv","rpart"
0.01,"synapse-1.1.csv","rpart"
0.01,"qpid-3.csv","rpart"
0.1,"poi-2.5.csv","rpart"
0.1,"PC3.csv","rpart"
0.1,"ar4.csv","rpart"
0.1,"jedit-4.1.csv","rpart"
0.001,"velocity-1.5.csv","rpart"
0.1,"jedit-4.2.csv","rpart"
0.1,"log4j-1.1.csv","rpart"
0.1,"ant-1.4.csv","rpart"
0.1,"lucene-2.2.csv","rpart"
0.01,"xalan-2.6.csv","rpart"
0.001,"qpid-5.csv","rpart"
0.01,"artemis-2.csv","rpart"
0.01,"MC2.csv","rpart"
0.1,"poi-3.0.csv","rpart"
0.01,"PC4.csv","rpart"
1e-04,"mng-2.csv","rpart"
0.01,"mng-3.csv","rpart"
0.01,"MC2.csv","rpart"
0.01,"prop-3.csv","rpart"
0.001,"openjpa-2.csv","rpart"
0.01,"prop-4.csv","rpart"
0.1,"jedit-4.0.csv","rpart"
0.01,"ivy-2.0.csv","rpart"
0.01,"eclipse-2.1.csv","rpart"
0.01,"eclipse-3.0.csv","rpart"
0.1,"ar6.csv","rpart"
0.1,"ant-1.6.csv","rpart"
0.1,"xalan-2.5.csv","rpart"
0.01,"xalan-2.7.csv","rpart"
0.01,"xalan-2.7.csv","rpart"
0.1,"xalan-2.5.csv","rpart"
0.01,"xerces-1.3.csv","rpart"
0.01,"xerces-1.3.csv","rpart"
0.1,"poi-3.0.csv","rpart"
0.1,"poi-3.0.csv","rpart"
0.01,"xalan-2.7.csv","rpart"
